Labels,Values
CEAR,0.274067672698445
EE,74.06078584514208
LEM,80.1673454005228
REM,80.27589750033596
EAR,0.274272769964096
Neck,28.68063659424684
Torso,138.84051019120625
