Labels,Values
CEAR,0.2135315579248438
EE,65.00769185258002
LEM,69.31810730249347
REM,69.83552104767315
EAR,0.25432542967322674
Neck,29.09015249236352
Torso,138.68770511680194
