Labels,Values
CEAR,0.28310654032798555
EE,56.556565207541794
LEM,72.79256413498223
REM,71.10978430542472
EAR,0.28781262349530595
Neck,27.116122776921674
Torso,137.32347118235367
