Labels,Values
CEAR,0.16961156282011655
EE,61.21300687195951
LEM,67.97793759742936
REM,67.45200017132962
EAR,0.22810059763300927
