Labels,Values
EE,68.3270735957029
LEM,71.46585758204344
REM,72.03350165080849
EAR,0.2730428129191956
CEAR,0.21363618092303477
Neck,27.025574143553587
Torso,139.687928259463
