Labels,Values
CEAR,0.25035615184145704
EE,57.10263137648707
LEM,61.2759457842566
REM,62.2521391764069
EAR,0.28546673837945524
Neck,27.797567197925588
Torso,133.84276551314915
