Labels,Values
CEAR,0.29300910630682714
EE,75.05997601918082
LEM,80.05623023850174
REM,79.75587752636166
EAR,0.27706862431667584
