Labels,Values
CEAR,0.19613350931415297
EE,69.02897942168929
LEM,73.34848328356898
REM,73.92563831310488
EAR,0.22802582838574673
Neck,27.69198628592246
Torso,139.0205353232904
