Labels,Values
CEAR,0.25934024212607215
EE,63.83927152443997
LEM,69.05700516424781
REM,68.86626153122933
EAR,0.28558177519379113
