Labels,Values
CEAR,0.19752371911875907
EE,70.09421803206483
LEM,74.06584477702899
REM,73.36850287677191
EAR,0.22994653822569894
