Labels,Values
CEAR,0.1749217844337649
EE,73.00547919502074
LEM,79.87659813253202
REM,80.52949770115296
EAR,0.23300980000337757
Neck,30.28741132846725
Torso,131.1323258940879
