Labels,Values
CEAR,0.19174152257760096
EE,78.78831187988696
LEM,86.68058661109771
REM,87.32337620830504
EAR,0.23767170532640436
Neck,28.17484129919913
Torso,137.393680403295
