Labels,Values
CEAR,0.30029297266931687
EE,72.29155753649086
LEM,79.70328161576143
REM,80.38614270720915
EAR,0.3076330730876574
Neck,28.579722541006767
Torso,138.79455116723244
