Labels,Values
CEAR,0.1707118260761073
EE,80.04998340979543
LEM,88.300150231602
REM,87.80639293067281
EAR,0.21257957251141
