Labels,Values
CEAR,0.2979117785110077
EE,65.84918012451679
LEM,68.56410812122199
REM,67.56621896091261
EAR,0.2737853473995219
Neck,28.44828302554634
Torso,138.24126876035876
