Labels,Values
CEAR,0.21309718175802644
EE,62.03224967708329
LEM,66.2117814289874
REM,67.23094525588644
EAR,0.2521592857903586
