Labels,Values
CEAR,0.24725252653207663
EE,63.007936008093466
LEM,67.08203932499369
REM,67.60177512462228
EAR,0.2535933989256212
