Labels,Values
CEAR,0.36118602752764073
EE,67.46673604944394
LEM,72.18832562842113
REM,71.69379331573968
EAR,0.30799572466497943
