Labels,Values
CEAR,0.19960111149679977
EE,67.60739643460786
LEM,73.25413905318376
REM,73.47254314043921
EAR,0.2438254233373544
