Labels,Values
CEAR,0.23102902482865897
EE,74.28411988345005
LEM,79.3930351330497
REM,80.29870527570884
EAR,0.24165785546183144
Neck,26.123782854367477
Torso,138.32109850885678
