Labels,Values
CEAR,0.2485847342845581
EE,75.73321865333178
LEM,83.78468882888187
REM,81.61004264492985
EAR,0.2637299480088495
Neck,28.397273540344212
Torso,136.31654325729687
