Labels,Values
CEAR,0.2165749568977787
EE,78.35745214254513
LEM,85.33088966547184
REM,86.80349727918062
EAR,0.23636475681991037
Neck,27.129171256569293
Torso,138.51822120235676
