Labels,Values
EE,61.729741705746434
LEM,65.63353431786524
REM,66.03786792439622
EAR,0.29007069454775253
CEAR,0.2905401291599398
