Labels,Values
CEAR,0.23654032380256088
EE,70.6156513826027
LEM,77.82030583337487
REM,77.75320441322626
EAR,0.25603505219511175
