Labels,Values
CEAR,0.2371113389144858
EE,81.71991077513238
LEM,89.83501636280727
REM,88.48808923532935
EAR,0.24984056436308358
