Labels,Values
CEAR,0.18013547849144537
EE,71.8505035546223
LEM,79.20412435071732
REM,76.94187356469635
EAR,0.23703897752848474
Neck,29.26055787448732
Torso,137.3028605723134
