Labels,Values
CEAR,0.10171392565828316
EE,71.43882757705298
LEM,80.06244764007279
REM,81.10417245187642
EAR,0.13644758587121336
Neck,30.42724523320437
Torso,133.2337327075089
