Labels,Values
CEAR,0.22185593237741535
EE,70.66371369962106
LEM,78.12783387045218
REM,77.89736837660179
EAR,0.2551043354996357
