Labels,Values
CEAR,0.2794830064351131
EE,78.05126415254182
LEM,85.42833253669417
REM,84.77427201167646
EAR,0.2857215057610611
