Labels,Values
CEAR,0.29397812722588146
EE,80.1224016305647
LEM,87.18027781618964
REM,86.95401083331349
EAR,0.28088022547260383
