Labels,Values
CEAR,0.19629371176839214
EE,62.20803839498668
LEM,64.17762817246913
REM,65.22403478172377
EAR,0.23190914135584045
Neck,26.89880188487689
Torso,141.31647623903746
