Labels,Values
CEAR,0.21983858260023323
EE,62.105671229990705
LEM,65.54205692970268
REM,66.30378525405271
EAR,0.2407497537709334
Neck,26.98462136280251
Torso,134.95212425341828
