Labels,Values
CEAR,0.13270093952354306
EE,65.12296062065975
LEM,74.72583911965148
REM,73.57335527708065
EAR,0.20458025841187671
Neck,27.419873856011844
Torso,132.47355384165115
