Labels,Values
CEAR,0.23070636248543225
EE,74.90940810090228
LEM,84.73567581710488
REM,82.59022167603825
EAR,0.24790351339025501
Neck,30.057792239779968
Torso,134.06236036514795
