Labels,Values
CEAR,0.18989764990334382
EE,68.40583941600867
LEM,71.92222672069764
REM,72.1675927364646
EAR,0.2397445129361115
Neck,28.098584140142314
Torso,138.15758450731846
