Labels,Values
CEAR,0.15006643437160688
EE,68.61604587296705
LEM,75.71187141265892
REM,76.88923394657895
EAR,0.227335635968177
Neck,47.36354217283916
Torso,113.47081766454696
