Labels,Values
CEAR,0.16271763502173428
EE,71.82222007846221
LEM,77.02646136461892
REM,76.0791532279311
EAR,0.21975143923644902
Neck,29.417999192201346
Torso,133.21745437637446
