Labels,Values
CEAR,0.18199551703452593
EE,57.20701700396552
LEM,61.35933508189682
REM,61.948988762879274
EAR,0.22383124684614644
