Labels,Values
CEAR,0.18603619331619373
EE,87.05170877128145
LEM,94.45935211721981
REM,93.92423720903238
EAR,0.22735972971231694
