Labels,Values
EE,68.01617368891826
LEM,74.3693606601469
REM,75.8384982962082
EAR,0.26749616676925286
