Labels,Values
CEAR,0.20539913906538923
EE,61.625205332105395
LEM,64.53954440315871
REM,65.60388180823391
EAR,0.24506436385007452
Neck,26.913157231653003
Torso,139.5467350568335
